"ID";"Título";"Status";"Última atualização";"Data de abertura";"Prioridade";"Requerente - Requerente";"Atribuído para - Técnico";"Categoria";
"4 917";"Realizar carga dos pedidos do PECEGE de 18/09 - 56 registros.";"Processando (atribuído)";"18-09-2026 07:52";"18-09-2026 07:52";"Média";"Ana Paula Gomes Gonçalves";"Lucas Correr Tabai";"CARGA DE DADOS SAP";
"4 916";"Realizar carga dos pedidos do PECEGE de 17/09 - 57 registros.";"Processando (atribuído)";"17-09-2026 08:49";"17-09-2026 08:48";"Média";"Ana Paula Gomes Gonçalves";"Lucas Correr Tabai";"CARGA DE DADOS SAP";
"4 915";"ADAPTADOR DE HDMI DANIFICADO";"Processando (atribuído)";"16-09-2026 15:52";"16-09-2026 15:50";"Média";"Thássia Larissa Cardoso de Oliveira";"Diego Henrique Silva Furukawa";"";
"4 911";"Melhoria no Processo e Gerenciamento do Hospital HOVET";"Processando (atribuído)";"16-09-2026 10:28";"16-09-2026 10:27";"Média";"Diego Henrique Silva Furukawa";"Diego Henrique Silva Furukawa";"";
"4 909";"Plano de Compras - Planilha de controde de processos";"Processando (atribuído)";"16-09-2026 09:50";"16-09-2026 09:46";"Média";"Duryan Guilherme";"Josemar Mariano de Oliveira";"CONVENIAR";
"4 904";"Nova funcionária - Contas a Receber";"Processando (atribuído)";"14-09-2026 13:53";"14-09-2026 13:46";"Alta";"Juliana de Arruda Marchiolli";"Rodrigo Teixeira";"CONFIG. NOVO COLABORADOR";
"4 902";"Nova funcionária - Financeiro";"Processando (atribuído)";"14-09-2026 13:52";"14-09-2026 13:43";"Alta";"Juliana de Arruda Marchiolli";"Rodrigo Teixeira";"CONFIG. NOVO COLABORADOR";
"4 885";"INCLUSÃO DO CAMPO FILIAL NOS RELATÓRIOS DO SAP";"Processando (atribuído)";"09-09-2026 11:43";"09-09-2026 11:32";"Média";"Bruna Cristina de Mello Trevizan";"Bruna Cristina de Mello Trevizan";"";
"4 842";"Contas a Pagar e Prestação de Contas - SISTEMA DE INTEGRAÇÃO - ATUALIZACAO DE CR NAO PEGA VALOR CORRETO; ESTÁ PEGANDO O NOVO AO INVÉS DE PEGAR O VELHO";"Processando (atribuído)";"02-09-2026 10:51";"01-09-2026 15:07";"Média";"Camila Soares da Silva";"Diego Henrique Silva Furukawa";"SISTEMAS &amp; MELHORIAS PROCESSUAIS";
"4 869";"Recepção - LISTA DE PRESENCA + LISTA DE FERIAS";"Processando (atribuído)";"02-09-2026 09:04";"02-09-2026 09:02";"Média";"Patricia Regina de Paula Carvalho";"Diego Henrique Silva Furukawa";"SISTEMAS &amp; MELHORIAS PROCESSUAIS";
"4 868";"Recepção - POLI - ROTEAMENTO";"Processando (atribuído)";"02-09-2026 09:02";"02-09-2026 09:01";"Média";"Patricia Regina de Paula Carvalho";"Diego Henrique Silva Furukawa";"SISTEMAS &amp; MELHORIAS PROCESSUAIS";
"4 867";"Recepção - TELEFONE - ROTEAMENTO INCORRETO";"Processando (atribuído)";"02-09-2026 09:01";"02-09-2026 09:00";"Média";"Patricia Regina de Paula Carvalho";"Diego Henrique Silva Furukawa";"SISTEMAS &amp; MELHORIAS PROCESSUAIS";
"4 866";"Recepção - SISTEMA DE ENTREGAS E RECEBIMENTOS";"Processando (atribuído)";"02-09-2026 09:00";"02-09-2026 08:59";"Média";"Patricia Regina de Paula Carvalho";"Diego Henrique Silva Furukawa";"SISTEMAS &amp; MELHORIAS PROCESSUAIS";
"4 865";"Recepção - SISTEMA DE CONTROLE DE ACESSO FEALQ";"Processando (atribuído)";"02-09-2026 08:59";"02-09-2026 08:49";"Média";"Patricia Regina de Paula Carvalho";"Diego Henrique Silva Furukawa";"SISTEMAS &amp; MELHORIAS PROCESSUAIS";
"4 864";"Contas a Receber - Avisos de Vencimento";"Processando (atribuído)";"02-09-2026 08:49";"02-09-2026 08:48";"Média";"Camila Soares da Silva";"Diego Henrique Silva Furukawa";"SISTEMAS &amp; MELHORIAS PROCESSUAIS";
"4 863";"Contas a Receber - Leão: Baixa de CR (Santander)";"Processando (atribuído)";"02-09-2026 08:47";"02-09-2026 08:45";"Média";"Camila Soares da Silva";"Diego Henrique Silva Furukawa";"SISTEMAS &amp; MELHORIAS PROCESSUAIS";
"4 862";"Contas a Receber - Leão: Baixa de CR (Santander)";"Processando (atribuído)";"02-09-2026 08:47";"02-09-2026 08:44";"Média";"Camila Soares da Silva";"Diego Henrique Silva Furukawa";"SISTEMAS &amp; MELHORIAS PROCESSUAIS";
"4 861";"Contas a Receber - NF --> SAP";"Processando (atribuído)";"02-09-2026 08:43";"02-09-2026 08:42";"Média";"Camila Soares da Silva";"Diego Henrique Silva Furukawa";"SISTEMAS &amp; MELHORIAS PROCESSUAIS";
"4 860";"Contas a Receber - Campo de Filial em Todos os Relatórios";"Processando (atribuído)";"02-09-2026 08:42";"02-09-2026 08:41";"Média";"Camila Soares da Silva";"Diego Henrique Silva Furukawa";"SISTEMAS &amp; MELHORIAS PROCESSUAIS";
"4 859";"Contas a Receber - Padronização de Cargas";"Processando (atribuído)";"02-09-2026 08:41";"02-09-2026 08:40";"Média";"Camila Soares da Silva";"Diego Henrique Silva Furukawa";"SISTEMAS &amp; MELHORIAS PROCESSUAIS";
"4 858";"Contas a Receber - Fila de Importação";"Processando (atribuído)";"02-09-2026 08:40";"02-09-2026 08:15";"Média";"Camila Soares da Silva";"Diego Henrique Silva Furukawa";"SISTEMAS &amp; MELHORIAS PROCESSUAIS";
"4 856";"Contabilidade - API V2 - LANCAMENTO DE RENDIMENTO";"Processando (atribuído)";"02-09-2026 08:10";"02-09-2026 08:09";"Média";"Camila Soares da Silva";"Diego Henrique Silva Furukawa";"SISTEMAS &amp; MELHORIAS PROCESSUAIS";
"4 855";"Contabilidade - TAXA INVERTIDA";"Processando (atribuído)";"02-09-2026 08:09";"02-09-2026 08:08";"Média";"Camila Soares da Silva";"Diego Henrique Silva Furukawa";"SISTEMAS &amp; MELHORIAS PROCESSUAIS";
"4 854";"Contabilidade - FPA";"Processando (atribuído)";"02-09-2026 08:08";"02-09-2026 08:08";"Média";"Camila Soares da Silva";"Diego Henrique Silva Furukawa";"SISTEMAS &amp; MELHORIAS PROCESSUAIS";
"4 853";"Contabilidade - RECEBIMENTO E DEVOLUCOES";"Processando (atribuído)";"02-09-2026 08:07";"02-09-2026 08:07";"Média";"Camila Soares da Silva";"Diego Henrique Silva Furukawa";"SISTEMAS &amp; MELHORIAS PROCESSUAIS";
"4 852";"Contabilidade - FOLHA";"Processando (atribuído)";"02-09-2026 08:07";"02-09-2026 08:06";"Média";"Camila Soares da Silva";"Diego Henrique Silva Furukawa";"SISTEMAS &amp; MELHORIAS PROCESSUAIS";
"4 851";"Contabilidade - PLANILHA DE ISS";"Processando (atribuído)";"02-09-2026 08:06";"02-09-2026 08:05";"Média";"Camila Soares da Silva";"Diego Henrique Silva Furukawa";"SISTEMAS &amp; MELHORIAS PROCESSUAIS";
"4 850";"Contabilidade - INTEGRACAO CONVENIAR => SAP V2";"Processando (atribuído)";"02-09-2026 08:05";"02-09-2026 07:48";"Média";"Camila Soares da Silva";"Diego Henrique Silva Furukawa";"SISTEMAS &amp; MELHORIAS PROCESSUAIS";
"4 849";"Comunicação - CRIAR INTRANET";"Processando (atribuído)";"02-09-2026 07:48";"02-09-2026 07:46";"Média";"Paula Arigoni";"Diego Henrique Silva Furukawa";"SISTEMAS &amp; MELHORIAS PROCESSUAIS";
"4 848";"Comunicação - VIABILIAZAR UM INTEGRACAO ENTRE - SAP E CONVENIAR X ACTIVE";"Processando (atribuído)";"02-09-2026 07:46";"02-09-2026 07:45";"Média";"Paula Arigoni";"Diego Henrique Silva Furukawa";"SISTEMAS &amp; MELHORIAS PROCESSUAIS";
"4 847";"Comunicação - CRIACAO DA ASSINATURA";"Processando (atribuído)";"02-09-2026 07:45";"02-09-2026 07:44";"Média";"Paula Arigoni";"Diego Henrique Silva Furukawa";"SISTEMAS &amp; MELHORIAS PROCESSUAIS";
"4 845";"Contas a Pagar e Prestação de Contas - FLUXO - PROJETO PAI E FILHO - RENDIMENTOS DE PROJETOS MONTAR FLUXO NATALIA MARCELO";"Processando (atribuído)";"01-09-2026 15:11";"01-09-2026 15:10";"Média";"Camila Soares da Silva";"Diego Henrique Silva Furukawa";"SISTEMAS &amp; MELHORIAS PROCESSUAIS";
"4 844";"Contas a Pagar e Prestação de Contas - USP - EMAIL - ANUAL; SITE - PESQUISA E SO PARA ENCERRADO + DE 130 PROJETOS JUNTAR E PLANILHAR PARA ENVIAR PDF.S ASSINADOS";"Processando (atribuído)";"01-09-2026 15:10";"01-09-2026 15:09";"Média";"Camila Soares da Silva";"Diego Henrique Silva Furukawa";"SISTEMAS &amp; MELHORIAS PROCESSUAIS";
"4 843";"Contas a Pagar e Prestação de Contas - SISTEMA DE INTEGRACAO - ESTA SUBINDO CR SEM NOTA; CLIENTE RECLAMA.";"Processando (atribuído)";"01-09-2026 15:09";"01-09-2026 15:08";"Média";"Camila Soares da Silva";"Diego Henrique Silva Furukawa";"SISTEMAS &amp; MELHORIAS PROCESSUAIS";
"4 841";"Contas a Pagar e Prestação de Contas - SISTEMA DE INTEGRACAO - DEVOLUCAO MUDA VALOR";"Processando (atribuído)";"01-09-2026 15:07";"01-09-2026 15:06";"Média";"Camila Soares da Silva";"Diego Henrique Silva Furukawa";"SISTEMAS &amp; MELHORIAS PROCESSUAIS";
"4 840";"Contas a Pagar e Prestação de Contas - SISTEMA DE INTEGRACAO - INSTAVEL; NÃO PARECE SER UMA MELHORIA A ULTIMA MELHORIA PIOROU O PROCESSO";"Processando (atribuído)";"01-09-2026 15:06";"01-09-2026 14:50";"Média";"Camila Soares da Silva";"Diego Henrique Silva Furukawa";"SISTEMAS &amp; MELHORIAS PROCESSUAIS";
"4 839";"Controladoria - Controle de Custos dos Projetos";"Processando (atribuído)";"01-09-2026 14:50";"01-09-2026 14:50";"Média";"Ana Flávia de Faria Guimarães";"Diego Henrique Silva Furukawa";"SISTEMAS &amp; MELHORIAS PROCESSUAIS";
"4 838";"Controladoria - Estruturação de Planilhas";"Processando (atribuído)";"01-09-2026 14:50";"01-09-2026 14:48";"Média";"Ana Flávia de Faria Guimarães";"Diego Henrique Silva Furukawa";"SISTEMAS &amp; MELHORIAS PROCESSUAIS";
"4 837";"Controladoria - Extração Rápida de Relatórios";"Processando (atribuído)";"01-09-2026 14:49";"01-09-2026 14:47";"Média";"Ana Flávia de Faria Guimarães";"Diego Henrique Silva Furukawa";"SISTEMAS &amp; MELHORIAS PROCESSUAIS";
"4 836";"Controladoria - Formatador de Planilhas via Google Colab";"Processando (atribuído)";"01-09-2026 14:47";"01-09-2026 14:42";"Média";"Ana Flávia de Faria Guimarães";"Diego Henrique Silva Furukawa";"SISTEMAS &amp; MELHORIAS PROCESSUAIS";
"4 835";"Editora - SISTEMA DE LIVROS - REPORTE";"Processando (atribuído)";"01-09-2026 14:42";"01-09-2026 14:41";"Média";"Fabiana Cerri de Carvalho";"Diego Henrique Silva Furukawa";"SISTEMAS &amp; MELHORIAS PROCESSUAIS";
"4 834";"Editora - SISTEMA DE LIVROS - MELHORIA NO SISTEMA DE BUSCA";"Processando (atribuído)";"01-09-2026 14:41";"01-09-2026 14:40";"Média";"Fabiana Cerri de Carvalho";"Diego Henrique Silva Furukawa";"SISTEMAS &amp; MELHORIAS PROCESSUAIS";
"4 833";"Editora - SISTEMA DE LIVROS - ERRO DE PREENCHIMENTO";"Processando (atribuído)";"01-09-2026 14:40";"01-09-2026 14:39";"Média";"Fabiana Cerri de Carvalho";"Diego Henrique Silva Furukawa";"SISTEMAS &amp; MELHORIAS PROCESSUAIS";
"4 832";"Editora - WEB SISTEMA DE LIVROS - VERSAO";"Processando (atribuído)";"01-09-2026 14:39";"01-09-2026 14:25";"Média";"Fabiana Cerri de Carvalho";"Diego Henrique Silva Furukawa";"SISTEMAS &amp; MELHORIAS PROCESSUAIS";
"4 831";"Jurídico - Due Diligence e Cotação Pública pelo Site";"Processando (atribuído)";"01-09-2026 14:24";"01-09-2026 14:23";"Média";"Ana Beatriz Lopes da Cruz";"Diego Henrique Silva Furukawa";"SISTEMAS &amp; MELHORIAS PROCESSUAIS";
"4 830";"Jurídico - Acompanhamento de Prazos Processuais e Jurídico";"Processando (atribuído)";"01-09-2026 14:23";"01-09-2026 14:22";"Média";"Ana Beatriz Lopes da Cruz";"Diego Henrique Silva Furukawa";"SISTEMAS &amp; MELHORIAS PROCESSUAIS";
"4 829";"Jurídico - Robô (Agente) de Automação para Consultas";"Processando (atribuído)";"01-09-2026 14:22";"01-09-2026 14:21";"Média";"Ana Beatriz Lopes da Cruz";"Diego Henrique Silva Furukawa";"SISTEMAS &amp; MELHORIAS PROCESSUAIS";
"4 828";"Jurídico - Ticketagem e Padronização de Esteira Única";"Processando (atribuído)";"01-09-2026 14:21";"01-09-2026 14:20";"Média";"Ana Beatriz Lopes da Cruz";"Diego Henrique Silva Furukawa";"SISTEMAS &amp; MELHORIAS PROCESSUAIS";
"4 827";"Jurídico - Check list por assunto e Padrões de Documentos";"Processando (atribuído)";"01-09-2026 14:20";"01-09-2026 13:43";"Média";"Ana Beatriz Lopes da Cruz";"Diego Henrique Silva Furukawa";"SISTEMAS &amp; MELHORIAS PROCESSUAIS";
"4 826";"Projetos - FORMULÁRIO UNIFICADO";"Processando (atribuído)";"01-09-2026 13:43";"01-09-2026 13:42";"Média";"Fabiana Cerri de Carvalho";"Diego Henrique Silva Furukawa";"SISTEMAS &amp; MELHORIAS PROCESSUAIS";
"4 825";"Projetos - ACOMPANHAMENTO DE PROJETOS";"Processando (atribuído)";"01-09-2026 13:42";"01-09-2026 13:41";"Média";"Fabiana Cerri de Carvalho";"Diego Henrique Silva Furukawa";"SISTEMAS &amp; MELHORIAS PROCESSUAIS";
"4 824";"Projetos - PROCESSOS DO SETOR";"Processando (atribuído)";"01-09-2026 13:40";"01-09-2026 13:40";"Média";"Fabiana Cerri de Carvalho";"Diego Henrique Silva Furukawa";"SISTEMAS &amp; MELHORIAS PROCESSUAIS";
"4 823";"Projetos - CENTRALIZAR NORMAS DE PROJETOS";"Processando (atribuído)";"01-09-2026 13:39";"01-09-2026 13:33";"Média";"Fabiana Cerri de Carvalho";"Diego Henrique Silva Furukawa";"SISTEMAS &amp; MELHORIAS PROCESSUAIS";
"4 822";"PIRASSUNUNGA - POLI";"Processando (atribuído)";"01-09-2026 13:33";"01-09-2026 13:32";"Média";"Fabiana Cerri de Carvalho";"Diego Henrique Silva Furukawa";"SISTEMAS &amp; MELHORIAS PROCESSUAIS";
"4 821";"PIRASSUNUNGA - TRELLO/CRM";"Processando (atribuído)";"01-09-2026 13:32";"01-09-2026 13:32";"Média";"Fabiana Cerri de Carvalho";"Diego Henrique Silva Furukawa";"SISTEMAS &amp; MELHORIAS PROCESSUAIS";
"4 820";"PIRASSUNUNGA - UNIFICAR FORMULARIOS";"Processando (atribuído)";"01-09-2026 13:32";"01-09-2026 13:31";"Média";"Fabiana Cerri de Carvalho";"Diego Henrique Silva Furukawa";"SISTEMAS &amp; MELHORIAS PROCESSUAIS";
"4 819";"PIRASSUNUNGA - WEBCAM (1. TELECONFERENCIA 2. SALA PARA 8 PESSOAS)";"Processando (atribuído)";"01-09-2026 13:31";"01-09-2026 13:17";"Média";"Fabiana Cerri de Carvalho";"Diego Henrique Silva Furukawa";"SISTEMAS &amp; MELHORIAS PROCESSUAIS";
"4 818";"SECRETARIA - FORMULARIO DE ENTRADA";"Processando (atribuído)";"01-09-2026 13:16";"01-09-2026 13:16";"Média";"Patricia Regina de Paula Carvalho";"Diego Henrique Silva Furukawa";"SISTEMAS &amp; MELHORIAS PROCESSUAIS";
"4 817";"SECRETARIA - ATAS - TRANSCRICAO";"Processando (atribuído)";"01-09-2026 13:16";"01-09-2026 13:15";"Média";"Patricia Regina de Paula Carvalho";"Diego Henrique Silva Furukawa";"SISTEMAS &amp; MELHORIAS PROCESSUAIS";
"4 816";"SECRETARIA - FORMULARIO - FLUXO DE DOCUMENTA";"Processando (atribuído)";"01-09-2026 13:15";"01-09-2026 13:14";"Média";"Patricia Regina de Paula Carvalho";"Diego Henrique Silva Furukawa";"SISTEMAS &amp; MELHORIAS PROCESSUAIS";
"4 815";"SECRETARIA - ANALISADOR DE EMAILS";"Processando (atribuído)";"01-09-2026 13:14";"01-09-2026 13:08";"Média";"Patricia Regina de Paula Carvalho";"Diego Henrique Silva Furukawa";"SISTEMAS &amp; MELHORIAS PROCESSUAIS";
"4 814";"Gente e Gestão - ICONE 3.0 TURBO";"Processando (atribuído)";"01-09-2026 13:08";"01-09-2026 13:06";"Média";"Danielle Poppi Nasato";"Diego Henrique Silva Furukawa";"SISTEMAS &amp; MELHORIAS PROCESSUAIS";
"4 813";"Gente e Gestão - INTEGRAÇÃO - HUMANUS - SAP";"Processando (atribuído)";"01-09-2026 13:06";"01-09-2026 13:05";"Média";"Danielle Poppi Nasato";"Diego Henrique Silva Furukawa";"SISTEMAS &amp; MELHORIAS PROCESSUAIS";
"4 812";"Gente e Gestão - ASSINATURA DOCUMENTOS";"Processando (atribuído)";"01-09-2026 13:05";"01-09-2026 13:05";"Média";"Danielle Poppi Nasato";"Diego Henrique Silva Furukawa";"SISTEMAS &amp; MELHORIAS PROCESSUAIS";
"4 811";"Gente e Gestão - POLI - CHAT";"Processando (atribuído)";"01-09-2026 13:05";"01-09-2026 13:01";"Média";"Danielle Poppi Nasato";"Diego Henrique Silva Furukawa";"SISTEMAS &amp; MELHORIAS PROCESSUAIS";
"4 810";"Extensão - INPUT DE CONTRATOS";"Processando (atribuído)";"01-09-2026 13:01";"01-09-2026 12:58";"Média";"Fabiana Cerri de Carvalho";"Diego Henrique Silva Furukawa";"SISTEMAS &amp; MELHORIAS PROCESSUAIS";
"4 808";"Compras - Geração de Relatório Excel ''Visão Cliente''";"Processando (atribuído)";"01-09-2026 12:42";"01-09-2026 12:41";"Média";"Duryan Guilherme";"Diego Henrique Silva Furukawa";"SISTEMAS &amp; MELHORIAS PROCESSUAIS";
"4 807";"Compras - Unificação da Visão e Numeração de Pedidos";"Processando (atribuído)";"01-09-2026 12:41";"01-09-2026 12:41";"Média";"Duryan Guilherme";"Diego Henrique Silva Furukawa";"SISTEMAS &amp; MELHORIAS PROCESSUAIS";
"4 806";"Compras - Adequação do Cadastro de Produtos no Conveniar";"Processando (atribuído)";"01-09-2026 12:40";"01-09-2026 12:17";"Média";"Duryan Guilherme";"Diego Henrique Silva Furukawa";"SISTEMAS &amp; MELHORIAS PROCESSUAIS";
"4 656";"ALTERAÇÃO DE PROJETO NO CABEÇALHO E NA LINHA";"Processando (atribuído)";"02-07-2026 14:15";"02-07-2026 14:14";"Média";"Sara Leite de Almeida";"Sara Leite de Almeida";"";
"4 588";"EXCLUSÃO DE LANÇAMENTOS CONTÁBEIS";"Processando (atribuído)";"19-06-2026 10:34";"19-06-2026 10:32";"Muito alta";"Pamela Caroline Ferreira de Oliveira";"Pamela Caroline Ferreira de Oliveira";"";
"4 560";"ALTERAR PROJETO NO CABEÇALHO E LINHA - ALTERAR PARA PROJETO 104579";"Processando (atribuído)";"15-06-2026 09:24";"15-06-2026 09:23";"Média";"Bruna Cristina de Mello Trevizan";"Bruna Cristina de Mello Trevizan";"";
"4 408";"Faturamentos/Recebimentos cancelados no SAP que não aparecem na base para integração.";"Processando (atribuído)";"08-06-2026 16:19";"30-04-2026 08:04";"Alta";"Natalia Livia Sarto";"Marcelo Antonio Calefe";"CARGA DE DADOS SAP";
"4 362";"Processo de ajuste para viabilizar o envio de cobranças para recibos";"Processando (atribuído)";"22-04-2026 16:05";"22-04-2026 16:04";"Média";"Fabíola Roberta Martins";"Fabíola Roberta Martins";"";
"4 361";"Processo de ajuste para viabilizar o envio de cobranças para recibos.";"Processando (atribuído)";"22-04-2026 16:04";"22-04-2026 15:56";"Média";"Fabíola Roberta Martins";"Fabíola Roberta Martins";"";
"3 821";"Integração rendimento SAP- Conveniar - projetos filhos";"Novo";"18-03-2026 10:28";"18-11-2025 11:59";"Muito alta";"Natalia Livia Sarto";"Marcelo Antonio Calefe";"CONVENIAR";
"3 994";"Informes de Rendimento no site da Fealq";"Processando (atribuído)";"03-03-2026 10:54";"26-01-2026 15:20";"Média";"Danielle Poppi Nasato";"Josemar Mariano de Oliveira";"DESENVOLVIMENTO DE SOFTWARE";
"3 784";"Desenvolvimento da API EsalqLab.";"Processando (atribuído)";"12-11-2025 08:49";"22-09-2025 08:47";"Média";"Sara Leite de Almeida";"Josemar Mariano de Oliveira";"DESENVOLVIMENTO DE SOFTWARE";
"3 343";"Lista atualizada de Projetos ativos";"Processando (atribuído)";"02-07-2025 16:01";"02-07-2025 15:59";"Média";"Fellipe Sermarini";"Josemar Mariano de Oliveira";"";
"2 267";"Integração Sistema Serasa - negativação em lote";"Processando (atribuído)";"10-04-2025 15:57";"25-11-2024 15:36";"Média";"Priscila Munsimbone";"Josemar Mariano de Oliveira";"BANCO DE DADOS SAP";
"2 926";"Subir contrato guarda chuva de venda em lote";"Processando (atribuído)";"01-04-2025 13:02";"28-03-2025 08:18";"Média";"Priscila Munsimbone";"Marcelo Antonio Calefe";"BANCO DE DADOS SAP";
"2 597";"RETORNO BANCÁRIO - PAGAMENTOS";"Processando (atribuído)";"30-01-2025 14:05";"29-01-2025 15:06";"Média";"Camila Soares da Silva";"Camila Soares da Silva";"REQUISIÇÕES SAP";
"2 192";"INSTALAR PROGRAMA CORUJINHA EQUIPE CONTAS A RECEBER";"Processando (atribuído)";"28-01-2025 13:46";"21-10-2024 16:20";"Média";"Priscila Munsimbone";"Josemar Mariano de Oliveira";"SOFTWARE FEALQ";
"2 376";"Instalar Libre office para equipe CR";"Processando (atribuído)";"28-01-2025 13:43";"16-12-2024 14:58";"Média";"Priscila Munsimbone";"Josemar Mariano de Oliveira";"SOFTWARE FEALQ";
"2 264";"Addon bank plus Boletos";"Processando (atribuído)";"26-11-2024 10:06";"14-11-2024 13:10";"Média";"Priscila Munsimbone";"Marcelo Antonio Calefe";"IMPLANTAÇÃO SAP";
"1 954";"Otimização processos contas a receber - addon Bank Plus";"Processando (atribuído)";"04-10-2024 13:21";"06-08-2024 13:29";"Média";"Priscila Munsimbone";"Josemar Mariano de Oliveira";"DESENVOLVIMENTO DE SOFTWARE";
"1 562";"Criar consulta pra listar as taxas dos projetos ativos.";"Processando (atribuído)";"09-01-2024 11:40";"09-01-2024 08:00";"Média";"Paula Arigoni";"Josemar Mariano de Oliveira";"BANCO DE DADOS SAP";
"746";"Implantação Conveniar";"Processando (atribuído)";"13-07-2023 09:19";"24-02-2022 10:37";"Média";"Josemar Mariano de Oliveira";"Ana Beatriz Lopes da Cruz 
Ana Flávia de Faria Guimarães 
Cristiane Perez 
Paula Arigoni";"CONVENIAR";
"664";"Infraestrutura da FEALQ";"Processando (atribuído)";"27-09-2022 12:44";"28-10-2021 11:16";"Média";"Josemar Mariano de Oliveira";"Rodrigo Teixeira";"REQUISIÇÕES EM GERAL";
