COMPUTADOR;STATUS;FABRICANTE;NUMERO DE SERIE;TIPO;MODELO;SISTEMA OPERACIONAL;LOCALIZACAO;ULT. ATUALIZACAO;PROCESSADOR;USUARIO;INVENTARIO;DATA GARANTIA
ADM_ANAFLAVIA;ATIVO;LENOVO;PE0ENQV2;NOTEBOOK;V15 G4 IRU;WINDOWS;TECNOLOGIA DA INFORMACAO;23/02/2026 13:36;CORE I7;glpi;6175;20/08/2026
CDT01;DOACAO;LENOVO;PE04GXM9;NOTEBOOK;B330;WINDOWS;TECNOLOGIA DA INFORMACAO;24/02/2026 09:41;CORE I5;glpi;5765;
CDT02;DOACAO;LENOVO;;NOTEBOOK;V15;WINDOWS;TECNOLOGIA DA INFORMACAO;24/02/2026 09:42;CORE I5;glpi;6048;
CDT03;DOACAO;LENOVO;PE0979QV;NOTEBOOK;V15;WINDOWS;TECNOLOGIA DA INFORMACAO;24/02/2026 09:42;CORE I5;glpi;5967;
CDT04;DOACAO;LENOVO;PE04H103;NOTEBOOK;B330;WINDOWS;TECNOLOGIA DA INFORMACAO;24/02/2026 09:43;CORE I5;glpi;5762;
CDT05;DOACAO;LENOVO;PE0A6WHK;NOTEBOOK;V15 G2-ITL;WINDOWS;TECNOLOGIA DA INFORMACAO;24/02/2026 09:44;CORE I5;glpi;6074;
CDT06;DOACAO;LENOVO;;NOTEBOOK;V15 G2-ITL;WINDOWS;TECNOLOGIA DA INFORMACAO;24/02/2026 09:44;CORE I5;glpi;6075;
CDT07;DOACAO;LENOVO;PE04LWJB;NOTEBOOK;B330;WINDOWS;TECNOLOGIA DA INFORMACAO;24/02/2026 09:45;CORE I5;glpi;5820;
CDT08;DOACAO;LENOVO;;NOTEBOOK;V15 G2-ITL;WINDOWS;TECNOLOGIA DA INFORMACAO;24/02/2026 09:47;CORE I5;glpi;6043;
CDT09;DOACAO;LENOVO;PE070KXN;NOTEBOOK;BS145;WINDOWS;TECNOLOGIA DA INFORMACAO;24/02/2026 09:48;CORE I5;glpi;5912;
CDT10;DOACAO;LENOVO;PE070KXP;NOTEBOOK;BS145;WINDOWS;TECNOLOGIA DA INFORMACAO;24/02/2026 09:49;CORE I5;glpi;5914;
CDT11;ATIVO;DELL;;NOTEBOOK;INSPIRON P66F;WINDOWS;TECNOLOGIA DA INFORMACAO;24/02/2026 09:53;CORE I3;glpi;5586;
CMN_PEDRO;ATIVO;LENOVO;PE0ENQXR;NOTEBOOK;V15 G4 IRU;WINDOWS;TECNOLOGIA DA INFORMACAO;23/02/2026 15:28;CORE I7;glpi;6191;20/08/2026
CMN_RAABE;ATIVO;LENOVO;PE0F4VT1;NOTEBOOK;V15 G4 IRU;WINDOWS;TECNOLOGIA DA INFORMACAO;23/02/2026 16:36;CORE I7;glpi;6212;20/08/2026
CMP_ALICE;ATIVO;LENOVO;PE0DR4DA;NOTEBOOK;LENOVO V15 G3 IAP;WINDOWS;TECNOLOGIA DA INFORMACAO;03/06/2026 10:52;CORE I7;glpi;6150;03/07/2028
CMP_ANASOUSA;ATIVO;DELL;;NOTEBOOK;INSPIRON 115-3583-A5XP;WINDOWS;TECNOLOGIA DA INFORMACAO;29/04/2026 14:06;CORE I7;glpi;5901;
CMP_CINTHIA;ATIVO;LENOVO;PE0DR4DH;NOTEBOOK;LENOVO V15 G3 IAP;WINDOWS;TECNOLOGIA DA INFORMACAO;12/08/2025 08:47;CORE I7;glpi;6147;01/07/2028
CMP_DANIELLE;ATIVO;LENOVO;PE0DR4CF;NOTEBOOK;LENOVO V15 G3 IAP;WINDOWS;TECNOLOGIA DA INFORMACAO;12/08/2025 09:09;CORE I7;glpi;6148;02/07/2028
CMP_DURYAN;ATIVO;LENOVO;PE0ENQY1;NOTEBOOK;V15 G4 IRU;WINDOWS;TECNOLOGIA DA INFORMACAO;31/08/2026 10:58;CORE I7;glpi;6178;20/08/2026
CMP_JESSICA;ATIVO;LENOVO;PE0ENQWJ;NOTEBOOK;V15 G4 IRU;WINDOWS;TECNOLOGIA DA INFORMACAO;23/02/2026 16:07;CORE I7;glpi;6201;20/08/2026
CMP_KEVILYN;ATIVO;LENOVO;PE0ENRNM;NOTEBOOK;V15 G4 IRU;WINDOWS;TECNOLOGIA DA INFORMACAO;23/02/2026 15:48;CORE I7;glpi;6196;20/08/2026
CMP_LUCIELLY;ATIVO;LENOVO;PE0DR4D4;NOTEBOOK;LENOVO V15 G3 IAP;WINDOWS;TECNOLOGIA DA INFORMACAO;12/08/2025 08:08;CORE I7;glpi;6145;27/06/2028
CMP_OZIAS;ATIVO;LENOVO;PE0979RE;NOTEBOOK;V15 G2-ITL;WINDOWS;TECNOLOGIA DA INFORMACAO;29/04/2026 14:05;CORE I5;glpi;5966;
COMPRAS01;DOACAO;LENOVO;PE04H0X3;NOTEBOOK;B330;WINDOWS;TECNOLOGIA DA INFORMACAO;24/02/2026 09:55;CORE I5;glpi;5780;
COMPRAS02;DOACAO;LENOVO;PE04GYC7;NOTEBOOK;B330;WINDOWS;TECNOLOGIA DA INFORMACAO;24/02/2026 09:56;CORE I5;glpi;5793;
COMPRAS03;DOACAO;LENOVO;PE070KXV;NOTEBOOK;BS145;WINDOWS;TECNOLOGIA DA INFORMACAO;24/02/2026 09:56;CORE I5;glpi;5911;
COMPRAS04;DOACAO;LENOVO;PE070KXB;NOTEBOOK;BS145;WINDOWS;TECNOLOGIA DA INFORMACAO;24/02/2026 09:57;CORE I5;glpi;5913;
COMPRAS05;DOACAO;LENOVO;PE04GY36;NOTEBOOK;B330;WINDOWS;TECNOLOGIA DA INFORMACAO;24/02/2026 09:57;CORE I5;glpi;5784;
COMPRAS06;DOACAO;LENOVO;PE0979R8;NOTEBOOK;V15 G2-ITL;WINDOWS;TECNOLOGIA DA INFORMACAO;24/02/2026 10:00;CORE I5;glpi;5965;
CONTABILIDADE01;DOACAO;LENOVO;PE04GYBL;NOTEBOOK;B330;WINDOWS;TECNOLOGIA DA INFORMACAO;24/02/2026 11:01;CORE I5;glpi;5768;
CONTABILIDADE02;DOACAO;LENOVO;PE04H102;NOTEBOOK;B330;WINDOWS;TECNOLOGIA DA INFORMACAO;24/02/2026 11:02;CORE I5;glpi;5769;
CONTABILIDADE05;DOACAO;LENOVO;PE04H0WZ;NOTEBOOK;B330;WINDOWS;TECNOLOGIA DA INFORMACAO;24/02/2026 11:05;CORE I5;glpi;5778;
CONTABILIDADE06;DOACAO;LENOVO;PE04H0ZT;NOTEBOOK;B330;WINDOWS;TECNOLOGIA DA INFORMACAO;24/02/2026 11:05;CORE I5;glpi;5761;
CONTASAPAGAR01;DOACAO;LENOVO;PE04GY39;NOTEBOOK;B330;WINDOWS;TECNOLOGIA DA INFORMACAO;24/02/2026 11:07;CORE I5;glpi;5764;
CONTASAPAGAR03;DOACAO;LENOVO;PE04GY33;NOTEBOOK;B330;WINDOWS;TECNOLOGIA DA INFORMACAO;24/02/2026 11:08;CORE I5;glpi;5785;
CONTASAPAGAR05;DOACAO;LENOVO;PE04H10G;NOTEBOOK;B330;WINDOWS;TECNOLOGIA DA INFORMACAO;24/02/2026 11:08;CORE I5;glpi;5766;
CONTASAPAGAR06;DOACAO;LENOVO;;NOTEBOOK;V15 G2-ITL;WINDOWS;TECNOLOGIA DA INFORMACAO;24/02/2026 11:09;CORE I5;glpi;6050;
CONTASAPAGAR07;DOACAO;LENOVO;;NOTEBOOK;V15 G2-ITL;WINDOWS;TECNOLOGIA DA INFORMACAO;24/02/2026 11:10;CORE I5;glpi;6076;
CONTROLADORIA01;DOACAO;LENOVO;PE04H0ZD;NOTEBOOK;B330;WINDOWS;TECNOLOGIA DA INFORMACAO;24/02/2026 11:10;CORE I5;glpi;5788;
CTB_DAMIRES;ATIVO;LENOVO;PE0DR4DB;NOTEBOOK;LENOVO V15 G3 IAP;WINDOWS;TECNOLOGIA DA INFORMACAO;12/08/2025 13:09;CORE I7;glpi;6143;25/04/2028
CTB_FERNANDA;ATIVO;LENOVO;PE0DR4DR;NOTEBOOK;LENOVO V15 G3 IAP;WINDOWS;TECNOLOGIA DA INFORMACAO;13/08/2025 07:46;CORE I7;glpi;6154;09/07/2028
CTB_LUCAS;ATIVO;LENOVO;PE09ECP4;NOTEBOOK;V15 G2-ITL;WINDOWS;TECNOLOGIA DA INFORMACAO;24/02/2026 14:05;CORE I5;glpi;6044;
CTB_PAMELA;ATIVO;LENOVO;PE0DR4C6;NOTEBOOK;LENOVO V15 G3 IAP;WINDOWS;TECNOLOGIA DA INFORMACAO;13/08/2025 07:47;CORE I7;glpi;6144;27/03/2028
CTB_SARA;ATIVO;LENOVO;PE0ENQXS;NOTEBOOK;V15 G4 IRU;WINDOWS;TECNOLOGIA DA INFORMACAO;23/02/2026 16:03;CORE I7;glpi;6200;20/08/2026
CTL_ALMIRSILVA;ATIVO;LENOVO;PE0ENRN8;NOTEBOOK;V15 G4 IRU;WINDOWS;TECNOLOGIA DA INFORMACAO;23/02/2026 14:15;;glpi;6183;20/08/2026
CTP_ANAPAULA;ATIVO;LENOVO;PE0DR4CZ;NOTEBOOK;LENOVO V15 G3 IAP;WINDOWS;TECNOLOGIA DA INFORMACAO;13/08/2025 08:29;CORE I7;glpi;6153;08/07/2028
CTP_ANDREZA;ATIVO;LENOVO;PE0ENNVJ;NOTEBOOK;V15 G4 IRU;WINDOWS;TECNOLOGIA DA INFORMACAO;23/02/2026 15:44;CORE I7;glpi;6195;20/08/2026
CTP_BEATRIZ;ATIVO;LENOVO;PE0ENQWX;NOTEBOOK;V15 G4 IRU;WINDOWS;TECNOLOGIA DA INFORMACAO;25/05/2026 14:19;CORE I7;glpi;6197;20/08/2026
CTP_NATALIA;ATIVO;LENOVO;PE0DR4CM;NOTEBOOK;LENOVO V15 G3 IAP;WINDOWS;TECNOLOGIA DA INFORMACAO;13/08/2025 07:56;CORE I7;glpi;6152;08/07/2028
CTP_THALITA;ATIVO;LENOVO;PE0DR4D8;NOTEBOOK;LENOVO V15 G3 IAP;WINDOWS;TECNOLOGIA DA INFORMACAO;13/08/2025 07:47;CORE I7;glpi;6151;07/07/2028
CTR_BRUNA;ATIVO;LENOVO;PE0DK81L;NOTEBOOK;LENOVO V15 G3 IAP;WINDOWS;TECNOLOGIA DA INFORMACAO;13/08/2025 12:42;CORE I7;glpi;6138;26/03/2028
CTR_DAYJANI;ATIVO;LENOVO;PE0DR4DT;NOTEBOOK;LENOVO V15 G3 IAP;WINDOWS;TECNOLOGIA DA INFORMACAO;07/08/2026 14:55;CORE I7;glpi;6155;11/07/2028
CTR_FABIOLA;ATIVO;LENOVO;PE0DK81J;NOTEBOOK;LENOVO V15 G3 IAP;WINDOWS;TECNOLOGIA DA INFORMACAO;13/08/2025 13:22;CORE I7;glpi;6139;23/06/2028
CTR_JHESSY;ATIVO;LENOVO;PE0DR4BT;NOTEBOOK;LENOVO V15 G3 IAP;WINDOWS;TECNOLOGIA DA INFORMACAO;18/09/2026 14:26;CORE I7;glpi;6149;02/07/2028
CTR_SARA;ATIVO;LENOVO;PE0DR4BS;NOTEBOOK;LENOVO V15 G3 IAP;WINDOWS;TECNOLOGIA DA INFORMACAO;13/08/2025 14:42;CORE I7;glpi;6142;24/04/2028
CTR_VINICIUS;ATIVO;LENOVO;PE0DR4D7;NOTEBOOK;LENOVO V15 G3 IAP;WINDOWS;TECNOLOGIA DA INFORMACAO;13/08/2025 13:28;CORE I7;glpi;6140;01/04/2028
CURINGA;ATIVO;LENOVO;PE04LWHZ;NOTEBOOK;B330;WINDOWS;TECNOLOGIA DA INFORMACAO;24/02/2026 11:11;CORE I5;glpi;5821;
DIRETORIA01;ATIVO;LENOVO;PE04J8BX;NOTEBOOK;THINKPAD;WINDOWS;TECNOLOGIA DA INFORMACAO;12/08/2025 07:58;CORE I5;glpi;5798;
DIRETORIA03;ATIVO;LENOVO;PE04JTBE;NOTEBOOK;THINKPAD;WINDOWS;TECNOLOGIA DA INFORMACAO;24/02/2026 11:13;CORE I5;glpi;5796;
EDT_GABRIELA;ATIVO;LENOVO;PE0ENP1J;NOTEBOOK;V15 G4 IRU;WINDOWS;TECNOLOGIA DA INFORMACAO;23/02/2026 15:34;CORE I7;glpi;6193;20/08/2026
EDT_HUMBERTO;ATIVO;LENOVO;PE0ENQWW;NOTEBOOK;V15 G4 IRU;WINDOWS;TECNOLOGIA DA INFORMACAO;08/05/2026 09:38;CORE I7;glpi;6188;20/08/2026
FATURAMENTO01;DOACAO;LENOVO;;NOTEBOOK;V15 G2-ITL;WINDOWS;TECNOLOGIA DA INFORMACAO;24/02/2026 11:14;CORE I5;glpi;6046;
FATURAMENTO02;DOACAO;LENOVO;PE04GY3H;NOTEBOOK;B330;WINDOWS;TECNOLOGIA DA INFORMACAO;24/02/2026 11:17;CORE I5;glpi;5774;
FATURAMENTO03;DOACAO;LENOVO;PE04H0ZG;NOTEBOOK;B330;WINDOWS;TECNOLOGIA DA INFORMACAO;24/02/2026 11:17;CORE I5;glpi;5775;
FATURAMENTO04;DOACAO;LENOVO;PE04GYBW;NOTEBOOK;B330;WINDOWS;TECNOLOGIA DA INFORMACAO;24/02/2026 11:18;CORE I5;glpi;5760;
FATURAMENTO07;DOACAO;LENOVO;PE04H0NP;NOTEBOOK;B330;WINDOWS;TECNOLOGIA DA INFORMACAO;24/02/2026 11:24;CORE I5;glpi;5781;
FIN_CAMILA;ATIVO;LENOVO;PE0DR4CJ;NOTEBOOK;LENOVO V15 G3 IAP;WINDOWS;TECNOLOGIA DA INFORMACAO;10/09/2026 09:35;CORE I7;glpi;6146;27/06/2028
GEG_ALINE;ATIVO;LENOVO;PE0DR4BW;NOTEBOOK;LENOVO V15 G3 IAP;WINDOWS;TECNOLOGIA DA INFORMACAO;13/08/2025 14:50;CORE I7;glpi;6156;11/07/2028
GEG_ANAPAULA;ATIVO;LENOVO;PE0EP9TG;NOTEBOOK;V15 G4 IRU;WINDOWS;TECNOLOGIA DA INFORMACAO;23/02/2026 16:10;CORE I7;glpi;6202;20/08/2026
GEG_BRUNA;ATIVO;LENOVO;PE0ENRNH;NOTEBOOK;V15 G4 IRU;WINDOWS;TECNOLOGIA DA INFORMACAO;23/02/2026 16:12;CORE I7;glpi;6203;20/08/2026
GEG_DANIELLE;ATIVO;LENOVO;PE0EP9TP;NOTEBOOK;V15 G4 IRU;WINDOWS;TECNOLOGIA DA INFORMACAO;23/02/2026 16:01;CORE I7;glpi;6199;20/08/2026
GEG_JULIANA;ATIVO;LENOVO;PE0DR4D6;NOTEBOOK;LENOVO V15 G3 IAP;WINDOWS;TECNOLOGIA DA INFORMACAO;13/08/2025 15:07;CORE I7;glpi;6157;17/07/2028
GERENCIA01;DOACAO;LENOVO;PE09ED57;NOTEBOOK;V15 G2-ITL;WINDOWS;TECNOLOGIA DA INFORMACAO;24/02/2026 11:24;CORE I5;glpi;6049;
GPE_BIANCA;ATIVO;LENOVO;PE0ENRNB;NOTEBOOK;V15 G4 IRU;WINDOWS;TECNOLOGIA DA INFORMACAO;23/02/2026 15:24;CORE I7;glpi;6190;20/08/2026
GPE_DANIELASAIA;ATIVO;LENOVO;PE0ENQXQ;NOTEBOOK;V15 G4 IRU;WINDOWS;TECNOLOGIA DA INFORMACAO;08/05/2026 09:39;CORE I7;glpi;6187;20/08/2026
GPE_FABIANA;ATIVO;LENOVO;PE0ENRNC;NOTEBOOK;V15 G4 IRU;WINDOWS;TECNOLOGIA DA INFORMACAO;23/02/2026 15:31;CORE I7;glpi;6192;20/08/2026
GPE_FLAVIAMOURA;ATIVO;LENOVO;PE0ENRNG;NOTEBOOK;V15 G4 IRU;WINDOWS;TECNOLOGIA DA INFORMACAO;23/02/2026 14:20;CORE I7;glpi;6184;20/08/2026
GPE_JULIANA;ATIVO;LENOVO;PE0ENR2D;NOTEBOOK;V15 G4 IRU;WINDOWS;TECNOLOGIA DA INFORMACAO;23/02/2026 15:20;CORE I7;glpi;6189;20/08/2026
GPE_KARINA;ATIVO;LENOVO;PE0F4VVH;NOTEBOOK;V15 G4 IRU;WINDOWS;TECNOLOGIA DA INFORMACAO;23/02/2026 16:33;CORE I7;glpi;6211;20/08/2026
GPE_RAIANE;ATIVO;LENOVO;PE0ENRNP;NOTEBOOK;V15 G4 IRU;WINDOWS;TECNOLOGIA DA INFORMACAO;23/02/2026 15:39;CORE I7;glpi;6194;20/08/2026
GPE_ROSANGELACA;ATIVO;LENOVO;PE0ENRNT;NOTEBOOK;V15 G4 IRU;WINDOWS;TECNOLOGIA DA INFORMACAO;23/02/2026 15:02;CORE I7;glpi;6185;20/08/2026
GPE_THASSIAOLIV;ATIVO;LENOVO;PE0ENQXM;NOTEBOOK;V15 G4 IRU;WINDOWS;TECNOLOGIA DA INFORMACAO;23/02/2026 15:05;CORE I7;glpi;6186;20/08/2026
GPP_ANABELLOTTO;ATIVO;LENOVO;PE0ENRN6;NOTEBOOK;V15 G4 IRU;WINDOWS;TECNOLOGIA DA INFORMACAO;20/02/2026 16:12;CORE I7;glpi;6173;20/08/2026
GPP_ANADORTA;ATIVO;LENOVO;PE0ENRNL;NOTEBOOK;V15 G4 IRU;WINDOWS;TECNOLOGIA DA INFORMACAO;20/02/2026 15:50;CORE I7;glpi;6171;25/08/2026
GPP_ANALOPES;ATIVO;LENOVO;PE0ENRNF;NOTEBOOK;V15 G4 IRU;WINDOWS;TECNOLOGIA DA INFORMACAO;20/02/2026 16:06;CORE I7;glpi;6172;20/08/2026
GPP_GABRIELLA;ATIVO;LENOVO;PE0DR4CW;NOTEBOOK;LENOVO V15 G3 IAP;WINDOWS;TECNOLOGIA DA INFORMACAO;07/08/2026 14:57;CORE I7;glpi;6141;22/04/2028
GPP_GABRIELRODR;ATIVO;LENOVO;PE0ENRND;NOTEBOOK;V15 G4 IRU;WINDOWS;TECNOLOGIA DA INFORMACAO;23/02/2026 14:00;CORE I7;glpi;6181;20/08/2026
GPP_GABRIELSOUZ;ATIVO;LENOVO;PE0ENQXN;NOTEBOOK;V15 G4 IRU;WINDOWS;TECNOLOGIA DA INFORMACAO;23/02/2026 13:57;CORE I7;glpi;6180;20/08/2026
GPP_GUILHERME;ATIVO;LENOVO;PE04H10C;NOTEBOOK;B330;WINDOWS;TECNOLOGIA DA INFORMACAO;29/04/2026 14:00;CORE I5;glpi;5792;
GPP_LARISSALIMA;ATIVO;LENOVO;PE0ENQX8;NOTEBOOK;V15 G4 IRU;WINDOWS;TECNOLOGIA DA INFORMACAO;23/02/2026 13:40;CORE I7;glpi;6176;20/08/2026
GPP_PRISCILLAPO;ATIVO;LENOVO;PE0ENQX0;NOTEBOOK;V15 G4 IRU;WINDOWS;TECNOLOGIA DA INFORMACAO;23/02/2026 13:30;CORE I7;glpi;6174;20/08/2026
GPP_PRISCILLASA;ATIVO;LENOVO;PE0ENQX2;NOTEBOOK;V15 G4 IRU;WINDOWS;TECNOLOGIA DA INFORMACAO;23/02/2026 14:11;CORE I7;glpi;6182;20/08/2026
GPP_SABRINAVIEI;ATIVO;LENOVO;PE0ENRN4;NOTEBOOK;V15 G4 IRU;WINDOWS;TECNOLOGIA DA INFORMACAO;23/02/2026 13:52;CORE I7;glpi;6179;20/08/2026
GPP_TATIANASVZT;ATIVO;LENOVO;PE0ENQXZ;NOTEBOOK;V15 G4 IRU;WINDOWS;TECNOLOGIA DA INFORMACAO;23/02/2026 13:44;CORE I7;glpi;6177;20/08/2026
GPP_TATIANE;ATIVO;LENOVO;PE04GXVD;NOTEBOOK;B330;WINDOWS;TECNOLOGIA DA INFORMACAO;18/08/2026 11:04;CORE I3;glpi;6238;
GRP_PAULA;ATIVO;LENOVO;PE0ENQWV;NOTEBOOK;V15 G4 IRU;WINDOWS;TECNOLOGIA DA INFORMACAO;23/02/2026 15:56;CORE I7;glpi;6198;20/08/2026
INFO01;DOACAO;LENOVO;PE04GY49;NOTEBOOK;B330;WINDOWS;TECNOLOGIA DA INFORMACAO;24/02/2026 11:25;CORE I5;glpi;5776;
INFO02;AVARIA;LENOVO;PE04GYBT;NOTEBOOK;B330;WINDOWS;TECNOLOGIA DA INFORMACAO;24/02/2026 11:26;CORE I5;glpi;5790;
INFO05;DOACAO;LENOVO;PE04GYCA;NOTEBOOK;B330;WINDOWS;TECNOLOGIA DA INFORMACAO;24/02/2026 11:26;CORE I5;glpi;5791;
INFO3;DOACAO;LENOVO;PE04H0ZH;NOTEBOOK;B330;WINDOWS;TECNOLOGIA DA INFORMACAO;24/02/2026 11:27;CORE I5;glpi;5789;
MARKETING01;ESTOQUE;DELL;F5BH813;NOTEBOOK;G5 5560;WINDOWS;TECNOLOGIA DA INFORMACAO;24/02/2026 11:28;CORE I7;glpi;5828;
MARKETING02;DOACAO;LENOVO;PE09ECYL;NOTEBOOK;V15 G2-ITL;WINDOWS;TECNOLOGIA DA INFORMACAO;24/02/2026 11:29;CORE I5;glpi;6045;
Notebook;DOACAO;LENOVO;PE04GYC9;NOTEBOOK;B330;WINDOWS;TECNOLOGIA DA INFORMACAO;24/02/2026 11:31;CORE I5;glpi;5757;
Notebook;DOACAO;LENOVO;PE04GYBH;NOTEBOOK;B330;WINDOWS;TECNOLOGIA DA INFORMACAO;24/02/2026 11:37;CORE I5;glpi;5763;
Notebook;DOACAO;LENOVO;PE04H0XD;NOTEBOOK;B330;WINDOWS;TECNOLOGIA DA INFORMACAO;24/02/2026 11:54;CORE I5;glpi;5773;
Notebook;ATIVO;LENOVO;PE04EQMS;NOTEBOOK;THINKPAD;WINDOWS;TECNOLOGIA DA INFORMACAO;24/06/2026 15:12;CORE I5;glpi;5799;
Notebook InATIVO 1;AVARIA;LENOVO;PE04GXYE;NOTEBOOK;B330;WINDOWS;TECNOLOGIA DA INFORMACAO;24/02/2026 11:30;CORE I5;glpi;5779;
Notebook InATIVO 6;AVARIA;LENOVO;PE04GY35;NOTEBOOK;B330;WINDOWS;TECNOLOGIA DA INFORMACAO;24/02/2026 11:52;CORE I5;glpi;5786;
Notebook InATIVO 8;AVARIA;LENOVO;PE04H0WX;NOTEBOOK;B330;WINDOWS;TECNOLOGIA DA INFORMACAO;04/03/2026 13:03;CORE I5;glpi;5771;
Notebook InATIVO 9;AVARIA;LENOVO;PE070KXM;NOTEBOOK;BS145;WINDOWS;TECNOLOGIA DA INFORMACAO;04/03/2026 14:53;CORE I5;glpi;5910;
PRODUTOS02;DOACAO;LENOVO;PEO46WJT;NOTEBOOK;V15 G2-ITL;WINDOWS;TECNOLOGIA DA INFORMACAO;24/02/2026 11:57;CORE I5;glpi;6077;
PROJETOS01;DOACAO;LENOVO;;NOTEBOOK;V15 G2-ITL;WINDOWS;TECNOLOGIA DA INFORMACAO;24/02/2026 11:57;CORE I5;glpi;6078;
PROJETOS02;DOACAO;LENOVO;PE04GYC1;NOTEBOOK;B330;WINDOWS;TECNOLOGIA DA INFORMACAO;24/02/2026 11:58;CORE I5;glpi;5782;
PROJETOS03;DOACAO;LENOVO;PE04H0ZF;NOTEBOOK;B330;WINDOWS;TECNOLOGIA DA INFORMACAO;24/02/2026 12:01;CORE I5;glpi;5770;
PROJETOS04;DOACAO;LENOVO;PE09ED5E;NOTEBOOK;V15 G2-ITL;WINDOWS;TECNOLOGIA DA INFORMACAO;24/02/2026 12:01;CORE I5;glpi;6042;
PROJETOS05;DOACAO;LENOVO;PE04LWHW;NOTEBOOK;B330;WINDOWS;TECNOLOGIA DA INFORMACAO;24/02/2026 12:02;CORE I5;glpi;5823;
PROJETOS07;DOACAO;LENOVO;PE04H10J;NOTEBOOK;B330;WINDOWS;TECNOLOGIA DA INFORMACAO;24/02/2026 12:02;CORE I5;glpi;5795;
PROJETOS08;DOACAO;LENOVO;PE09ED4K;NOTEBOOK;V15 G2-ITL;WINDOWS;TECNOLOGIA DA INFORMACAO;24/02/2026 12:03;CORE I5;glpi;6047;
PROJETOS10;DOACAO;LENOVO;PE04GY35;NOTEBOOK;V15 G2-ITL;WINDOWS;TECNOLOGIA DA INFORMACAO;24/02/2026 12:03;CORE I5;glpi;6079;
PROJETOS11;DOACAO;LENOVO;PE04LWJR;NOTEBOOK;B330;WINDOWS;TECNOLOGIA DA INFORMACAO;24/02/2026 12:04;CORE I5;glpi;5822;
PROJETOS12;DOACAO;LENOVO;PE04H10N;NOTEBOOK;B330;WINDOWS;TECNOLOGIA DA INFORMACAO;24/02/2026 12:04;CORE I5;glpi;5777;
RECEPCAO01;ATIVO;MICROSOFT;;DESKTOP;GENêRICO;WINDOWS;TECNOLOGIA DA INFORMACAO;15/04/2025 08:32;CORE I5;glpi;5584;
RECEPCAO02;ATIVO;MICROSOFT;;DESKTOP;GENêRICO;WINDOWS;TECNOLOGIA DA INFORMACAO;15/04/2025 08:33;CORE I5;glpi;5581;
RH01;DOACAO;LENOVO;;NOTEBOOK;V15 G2-ITL;WINDOWS;TECNOLOGIA DA INFORMACAO;24/02/2026 14:01;CORE I5;glpi;6080;
RH02;DOACAO;LENOVO;PE04GY45;NOTEBOOK;B330;WINDOWS;TECNOLOGIA DA INFORMACAO;24/02/2026 14:02;CORE I5;glpi;5787;
RH04;DOACAO;LENOVO;PE04LWJ4;NOTEBOOK;B330;WINDOWS;TECNOLOGIA DA INFORMACAO;24/02/2026 14:07;CORE I5;glpi;5824;
SEC_ANANAZATO;ATIVO;LENOVO;PE0F4VLT;NOTEBOOK;V15 G4 IRU;WINDOWS;TECNOLOGIA DA INFORMACAO;23/02/2026 16:44;CORE I7;glpi;6213;20/08/2026
SEC_PATRICIA;ATIVO;LENOVO;PE0ENRNN;NOTEBOOK;V15 G4 IRU;WINDOWS;TECNOLOGIA DA INFORMACAO;20/02/2026 15:20;CORE I7;glpi;6170;20/08/2026
SECRETARIA01;ESTOQUE;LENOVO;PE04H108;NOTEBOOK;B330;WINDOWS;TECNOLOGIA DA INFORMACAO;24/02/2026 14:09;CORE I5;glpi;5783;
SECRETARIA03;DOACAO;LENOVO;PE04GYC2;NOTEBOOK;B330;WINDOWS;TECNOLOGIA DA INFORMACAO;24/02/2026 14:09;CORE I5;glpi;5767;
SERVER 192.168.1.29;ATIVO;DELL;83W97Z2;SERVIDOR;POWEREDGE R440;;TECNOLOGIA DA INFORMACAO;19/02/2026 13:55;;glpi;5825;14/09/2024
SERVER 192.168.1.30;ATIVO;DELL;DHR6VW2;SERVIDOR;POWEREDGE R440;;TECNOLOGIA DA INFORMACAO;19/02/2026 13:55;;glpi;5752;14/05/2024
SERVERTUDO;AVARIA;LENOVO;PE04H0ZS;NOTEBOOK;B330;WINDOWS SERVER 2012 R2;TECNOLOGIA DA INFORMACAO;24/02/2026 14:10;CORE I5;glpi;5794;
TI_JOSEMAR;ATIVO;LENOVO;PE0ENQX1;NOTEBOOK;V15 G4 IRU;WINDOWS;TECNOLOGIA DA INFORMACAO;23/02/2026 16:30;CORE I7;glpi;6207;20/08/2026
TI_LUCAS;ATIVO;LENOVO;PE0ENRNS;NOTEBOOK;V15 G4 IRU;WINDOWS;TECNOLOGIA DA INFORMACAO;23/02/2026 16:24;CORE I7;glpi;6205;20/08/2026
TI_MARCELO;ATIVO;LENOVO;PE0EP2H3;NOTEBOOK;V15 G4 IRU;WINDOWS;TECNOLOGIA DA INFORMACAO;23/02/2026 16:26;CORE I7;glpi;6206;20/08/2026
TI_RODRIGO;ATIVO;LENOVO;PE0ENRML;NOTEBOOK;V15 G4 IRU;WINDOWS;TECNOLOGIA DA INFORMACAO;23/02/2026 16:15;CORE I7;glpi;6204;20/08/2026
