"Usuário";"Último nome";"Perfis (Entidade)";"E-mails";"Telefone";"Localização";"Ativo";
"alessandra.paiva";"Cardoso de Paiva Teixeira";"Abertura de Chamado - Root entity";"";"";"";"Não";
"alessandro.barros";"Barros";"Self-Service - Root entity";"";"";"";"Não";
"alice.albuquerque";"Rodrigues de Albuquerque";"Abertura de Chamado - Root entity";"alice.albuquerque@fealq.com.br";"";"COMPRAS";"Sim";
"aline.lima";"Degiacomo de Lima";"Abertura de Chamado - Root entity";"";"";"";"Não";
"aline.santos";"Santos Pedrassi";"Abertura de Chamado - Root entity";"aline.santos@fealq.com.br";"";"GENTE E GESTÃO";"Sim";
"almir.silva";"de Araújo Silva";"Abertura de Chamado - Root entity";"almir.silva@fealq.com.br";"";"CONTROLADORIA";"Sim";
"amanda.dourante";"Dourante";"Abertura de Chamado - Root entity";"";"";"";"Não";
"amauri.junior";"Junior";"Abertura de Chamado - Root entity";"";"";"";"Não";
"ana.beatriz";"Lopes da Cruz";"Abertura de Chamado - Root entity";"anabeatriz.lopes@fealq.com.br";"";"GESTÃO DE PROJETOS DE PESQUISA";"Sim";
"ana.fernandes";"Fernandes";"Abertura de Chamado - Root entity";"ana.fernandes@fealq.com.br";"";"GENTE E GESTÃO";"Sim";
"ana.flavia";"de Faria Guimarães";"Abertura de Chamado - Root entity";"ana.flavia@fealq.com.br";"";"GERENCIA ADMINISTRATIVO FINANCEIRO";"Sim";
"ana.moraes";"Moraes";"Abertura de Chamado - Root entity";"";"";"";"Não";
"ana.nazato";"Nazato Lopes";"Abertura de Chamado - Root entity";"ana.nazato@fealq.com.br";"";"APOIO À DIRETORIA E CONSELHOS";"Sim";
"ana.paula";"Gomes Gonçalves";"Abertura de Chamado - Root entity";"anapaula.gomes@fealq.com.br";"";"CONTAS A PAGAR";"Sim";
"ana.ribeiro";"Ribeiro";"Abertura de Chamado - Root entity";"";"";"";"Não";
"ana.sousa";"Lilo de Sousa";"Abertura de Chamado - Root entity";"ana.sousa@fealq.com.br";"";"COMPRAS";"Sim";
"analivia.dorta";"Dorta Tuckmantel";"Abertura de Chamado - Root entity";"analivia.dorta@fealq.com.br";"";"GESTÃO DE PROJETOS DE PESQUISA";"Sim";
"anapaula.bellotto";"Bellotto Oriani";"Abertura de Chamado - Root entity";"ana.oriani@fealq.com.br";"";"GESTÃO DE PROJETOS DE PESQUISA";"Sim";
"andreza.laranjeira";"Laranjeira";"Abertura de Chamado - Root entity";"andreza.laranjeira@fealq.com.br";"";"CONTAS A PAGAR";"Sim";
"anna.santos";"Sousa Santos";"Abertura de Chamado - Root entity";"";"";"";"Não";
"beatriz.tomaz";"dos Santos Tomaz";"Abertura de Chamado - Root entity";"beatriz.tomaz@fealq.com.br";"";"CONTAS A PAGAR";"Sim";
"bianca.anastacio";"Ballistiero Anastacio";"Abertura de Chamado - Root entity";"bianca.anastacio@fealq.com.br";"";"GESTÃO DE PROJETOS DE EXTENSÃO";"Sim";
"bruna.faria";"Faria";"Abertura de Chamado - Root entity";"";"";"";"Não";
"bruna.souza";"de Souza Rubino";"Abertura de Chamado - Root entity";"bruna.souza@fealq.com.br";"";"GENTE E GESTÃO";"Sim";
"bruna.trevizan";"de Mello Trevizan";"Abertura de Chamado - Root entity";"bruna.trevisan@fealq.com.br";"";"CONTAS À RECEBER";"Sim";
"camila.soares";"Soares da Silva";"Abertura de Chamado - Root entity";"camila.soares@fealq.com.br";"";"GERENTE FINANCEIRO";"Sim";
"carolina.girardi";"Girardi";"Abertura de Chamado - Root entity";"";"";"";"Não";
"caroline.amorim";"Amorim";"Abertura de Chamado - Root entity";"";"";"";"Não";
"cheque.cheque";"";"Self-Service - Root entity";"";"";"";"Não";
"cinthia.zen";"de Campos Zen";"Abertura de Chamado - Root entity";"cinthia.zen@fealq.com.br";"";"COMPRAS";"Sim";
"cintya.freitas";"Freitas";"Abertura de Chamado - Root entity";"";"";"";"Não";
"claudia.lemos";"Lemos";"Abertura de Chamado - Root entity";"";"";"";"Não";
"cristiane.oliveira";"Oliveira";"Abertura de Chamado - Root entity";"";"";"";"Não";
"cristiane.perez";"Perez";"Abertura de Chamado - Root entity";"";"";"";"Não";
"cristina.storer";"Storer";"Abertura de Chamado - Root entity";"";"";"";"Não";
"curinga.curinga";"TI";"Self-Service - Root entity";"";"";"";"Não";
"daiane.capato";"Capato";"Abertura de Chamado - Root entity";"";"";"";"Não";
"daiane.soares";"Soares";"Abertura de Chamado - Root entity";"";"";"";"Não";
"damires.macedo";"de Macedo Rodrigues";"Abertura de Chamado - Root entity";"damires.macedo@fealq.com.br";"";"CONTABILIDADE";"Sim";
"daniel.becker";"Becker";"Admin - Root entity";"";"";"";"Não";
"daniela.saia";"Saia";"Abertura de Chamado - Root entity";"daniela.saia@fealq.com.br";"";"GESTÃO DE PROJETOS DE EXTENSÃO";"Sim";
"danielle.cruz";"da Cruz Paião";"Abertura de Chamado - Root entity";"danielle.souza@fealq.com.br";"";"COMPRAS";"Sim";
"danielle.poppi";"Poppi Nasato";"Abertura de Chamado - Root entity";"danielle.poppi@fealq.com.br";"";"GENTE E GESTÃO";"Sim";
"dayane.carrara";"Carrara";"Abertura de Chamado - Root entity";"";"";"";"Não";
"dayjani.santos";"Conceição dos Santos";"Abertura de Chamado - Root entity";"dayjani.santos@fealq.com.br";"";"CONTAS À RECEBER";"Sim";
"deborah.fernandes";"Fernandes";"Abertura de Chamado - Root entity";"";"";"";"Não";
"diego.furukawa";"Silva Furukawa";"Super-Admin - Root entity";"diego.furukawa@fealq.com.br";"";"TECNOLOGIA DA INFORMAÇÃO";"Sim";
"duryan.guilherme";"Guilherme";"Abertura de Chamado - Root entity";"duryan.guilherme@fealq.com.br";"";"COMPRAS";"Sim";
"evelin.foltran";"Berto Foltran";"Abertura de Chamado - Root entity";"evelin.foltran@fealq.com.br";"";"CONTAS A PAGAR";"Sim";
"evonio.berti";"Berti";"Self-Service - Root entity";"";"";"";"Não";
"fabiana.cerri";"Cerri de Carvalho";"Abertura de Chamado - Root entity";"fabiana.cerri@fealq.com.br";"";"GESTÃO DE PROJETOS DE EXTENSÃO";"Sim";
"fabio.vitti";"Vitti";"Abertura de Chamado - Root entity";"";"";"";"Não";
"fabiola.martins";"Martins";"Abertura de Chamado - Root entity";"fabiola.martins@fealq.com.br";"";"CONTAS À RECEBER";"Sim";
"fellipe.sermarini";"Sermarini";"Abertura de Chamado - Root entity";"";"";"";"Não";
"fernanda.bento";"Bento";"Abertura de Chamado - Root entity";"";"";"";"Não";
"fernanda.forti";"Forti";"Abertura de Chamado - Root entity";"fernanda.forti@fealq.com.br";"";"CONTABILIDADE";"Sim";
"fernando.brajao";"Brajao";"Self-Service - Root entity";"";"";"";"Não";
"fernando.correa";"Correa";"Admin - Root entity";"";"";"";"Não";
"flavia.moura";"de Moura Elias";"Abertura de Chamado - Root entity";"flavia.moura@fealq.com.br";"";"GESTÃO DE PROJETOS DE EXTENSÃO";"Sim";
"francisco.mafra";"Francisco Mafra";"Self-Service - Root entity";"";"";"";"Não";
"gabriel.rodrigues";"Rodrigues";"Abertura de Chamado - Root entity";"gabriel.rodrigues@fealq.com.br";"";"GESTÃO DE PROJETOS DE PESQUISA";"Sim";
"gabriel.souza";"de Souza Felício";"Abertura de Chamado - Root entity";"gabriel.souza@fealq.com.br";"";"GESTÃO DE PROJETOS DE PESQUISA";"Sim";
"gabriela.lopes";"da Silva Lopes Scatamburlo";"Abertura de Chamado - Root entity";"gabriela.lopes@fealq.com.br";"";"REVISTA DE AGRICULTURA";"Sim";
"gabriela.perez";"Perez";"Abertura de Chamado - Root entity";"";"";"";"Não";
"gabriella.soares";"Costa Soares";"Abertura de Chamado - Root entity";"gabriella.soares@fealq.com.br";"";"GESTÃO DE PROJETOS DE PESQUISA";"Sim";
"glpi";"";"Super-Admin - Root entity (R)";"informatica@fealq.com.br";"";"";"Sim";
"guilherme.duarte";"Alves Duarte";"Abertura de Chamado - Root entity";"guilherme.santos@fealq.com.br";"";"";"Sim";
"hamana.moreira";"Moreira";"Abertura de Chamado - Root entity";"";"";"";"Não";
"humberto.marques";"Marques";"Abertura de Chamado - Root entity";"humberto.marques@fealq.com.br";"";"REVISTA DE AGRICULTURA";"Sim";
"igor.azevedo";"da Silva Azevedo";"Abertura de Chamado - Root entity";"";"";"";"Não";
"jaqueline.almeida";"de Almeida Sant'Ana";"Abertura de Chamado - Root entity";"";"";"";"Não";
"jessica.santos";"Soares dos Santos";"Abertura de Chamado - Root entity";"jessica.santos@fealq.com.br";"";"RECEPÇÃO";"Sim";
"jessica.teles";"Teles";"Abertura de Chamado - Root entity";"jessica.teles@fealq.com.br";"";"COMPRAS";"Sim";
"jhessy.vieira";"Barreto Vieira Pinto";"Abertura de Chamado - Root entity";"jhessy.vieira@fealq.com.br";"";"CONTAS À RECEBER";"Sim";
"jose.baldin";"Baldin Pinheiro";"Abertura de Chamado - Root entity";"jbaldin@usp.br";"";"DIRETORIA";"Sim";
"jose.moura";"Carlos de Moura";"Self-Service - Root entity";"";"";"";"Não";
"josemar.mariano";"Mariano de Oliveira";"Super-Admin - Root entity";"josemar.mariano@fealq.com.br";"19 3417 6612";"TECNOLOGIA DA INFORMAÇÃO";"Sim";
"joseroberto.castro";"Castro";"Abertura de Chamado - Root entity";"";"";"";"Não";
"julia.oliveira";"Oliveira";"Abertura de Chamado - Root entity";"";"";"";"Não";
"julia.rocha";"Rocha";"Abertura de Chamado - Root entity";"";"";"";"Não";
"juliana.arruda";"de Arruda Marchiolli";"Abertura de Chamado - Root entity";"juliana.arruda@fealq.com.br";"";"GENTE E GESTÃO";"Sim";
"juliana.ramiro";"Ramiro";"Self-Service - Root entity";"";"";"";"Não";
"juliana.torin";"Martins Torin";"Abertura de Chamado - Root entity";"juliana.torin@fealq.com.br";"";"GESTÃO DE PROJETOS DE EXTENSÃO";"Sim";
"kadine.ramos";"Ramos";"Abertura de Chamado - Root entity";"";"";"";"Não";
"karina.ferreira";"Ferreira Parussulo";"Abertura de Chamado - Root entity";"karina.ferreira@fealq.com.br";"";"GESTÃO DE PROJETOS DE EXTENSÃO";"Sim";
"kauane.sousa";"da Silva Sousa";"Abertura de Chamado - Root entity";"";"";"";"Não";
"kelly.arthur";"Arthur";"Abertura de Chamado - Root entity";"";"";"";"Não";
"kevilyn.barros";"Teixeira de Barros";"Abertura de Chamado - Root entity";"kevilyn.barros@fealq.com.br";"";"COMPRAS";"Sim";
"lais.marchetti";"Marchetti";"Self-Service - Root entity";"";"";"";"Não";
"laiza.miranda";"Miranda";"Self-Service - Root entity";"";"";"";"Não";
"larissa.campos";"Campos";"Abertura de Chamado - Root entity";"";"";"";"Não";
"larissa.fernandes";"Fernandes";"Abertura de Chamado - Root entity";"";"";"";"Não";
"larissa.lima";"da Silva Lima";"Abertura de Chamado - Root entity";"larissa.lima@fealq.com.br";"";"GESTÃO DE PROJETOS DE PESQUISA";"Sim";
"laura.moraes";"Gonçalves de Moraes";"Abertura de Chamado - Root entity";"";"";"";"Não";
"laura.silva";"Estevan da Silva";"Abertura de Chamado - Root entity";"";"";"";"Não";
"leticia.silvieri";"Silvieri";"Abertura de Chamado - Root entity";"";"";"";"Não";
"luana.silva";"da Silva";"Abertura de Chamado - Root entity";"";"";"";"Não";
"lucas.furquim";"Furquim";"Self-Service - Root entity";"";"";"";"Não";
"lucas.honorato";"Toledo Honorato";"Abertura de Chamado - Root entity";"lucas.honorato@fealq.com.br";"";"CONTABILIDADE";"Sim";
"lucas.tabai";"Correr Tabai";"Super-Admin - Root entity";"lucas.tabai@fealq.com.br";"";"TECNOLOGIA DA INFORMAÇÃO";"Sim";
"luciano.calderan";"Calderan";"Self-Service - Root entity";"";"";"";"Não";
"lucielly.silva";"Dimig da Silva Lazari";"Abertura de Chamado - Root entity";"lucielly.silva@fealq.com.br";"";"COMPRAS";"Sim";
"luiz.scudeller";"Scudeller";"Self-Service - Root entity";"";"";"";"Não";
"marceli.arruda";"Barbosa Arruda";"Abertura de Chamado - Root entity";"";"";"";"Não";
"marcella.fantato";"Fantato";"Abertura de Chamado - Root entity";"";"";"";"Não";
"marcelo.calefe";"Calefe";"Super-Admin - Root entity";"marcelo.calefe@fealq.com.br";"1934176631";"TECNOLOGIA DA INFORMAÇÃO";"Sim";
"marcos.fusato";"Fusato";"Self-Service - Root entity";"";"";"";"Não";
"marcos.milanez";"Milanez";"Self-Service - Root entity";"";"";"";"Não";
"maria.eugenia";"Eugenia";"Self-Service - Root entity";"";"";"";"Não";
"mariana.lacerda";"Lacerda";"Abertura de Chamado - Root entity";"";"";"";"Não";
"milena.zigart";"Zigart";"Self-Service - Root entity";"";"";"";"Não";
"monique.filassi";"Filassi";"Abertura de Chamado - Root entity";"";"";"";"Não";
"natalia.sarto";"Sarto";"Abertura de Chamado - Root entity";"natalia.sarto@fealq.com.br";"";"CONTAS A PAGAR";"Sim";
"nathalie.franco";"Franco";"Abertura de Chamado - Root entity";"";"";"";"Não";
"nathaly.silva";"Silva";"Abertura de Chamado - Root entity";"";"";"";"Não";
"nelson.massola";"Massola";"Self-Service - Root entity";"";"";"";"Não";
"nicole.braidotte";"Braidotte Rizigo";"Abertura de Chamado - Root entity";"";"";"";"Não";
"nicolly.duraes";"Duraes";"Abertura de Chamado - Root entity";"";"";"";"Não";
"nilmar.camargo";"Camargo";"Self-Service - Root entity";"";"";"";"Não";
"oscar.teofilo";"Teofilo";"Self-Service - Root entity";"";"";"";"Não";
"ozias.filho";"Mainardes Filho";"Abertura de Chamado - Root entity";"ozias.filho@fealq.com.br";"";"COMPRAS";"Sim";
"paloma.souza";"de Souza";"Abertura de Chamado - Root entity";"paloma.souza@fealq.com.br";"";"RECEPÇÃO";"Sim";
"pamela.oliveira";"Ferreira de Oliveira";"Abertura de Chamado - Root entity";"pamela.oliveira@fealq.com.br";"";"CONTABILIDADE";"Sim";
"paola.garcia";"Garcia";"Abertura de Chamado - Root entity";"";"";"";"Não";
"patricia.carvalho";"de Paula Carvalho";"Abertura de Chamado - Root entity";"patricia.carvalho@fealq.com.br";"";"APOIO À DIRETORIA E CONSELHOS";"Sim";
"patrick.martins";"Martins";"Abertura de Chamado - Root entity";"";"";"";"Não";
"paula.arigoni";"Arigoni";"Abertura de Chamado - Root entity";"paula.arigoni@fealq.com.br";"";"GERENCIA ADMINISTRATIVO FINANCEIRO";"Sim";
"pedro.damiao";"Damião";"Abertura de Chamado - Root entity";"";"";"";"Não";
"pedro.guimaraes";"Guimaraes";"Abertura de Chamado - Root entity";"pedro.guimaraes@fealq.com.br";"";"COMUNICAÇÃO";"Sim";
"pedro.lourenco";"Lourenço";"Self-Service - Root entity";"";"";"";"Não";
"priscila.munsimbone";"Munsimbone";"Abertura de Chamado - Root entity";"";"";"";"Não";
"priscilla.poppi";"Poppi";"Abertura de Chamado - Root entity";"priscilla.poppi@fealq.com.br";"";"GESTÃO DE PROJETOS DE PESQUISA";"Sim";
"priscilla.santos";"Foguel dos Santos";"Abertura de Chamado - Root entity";"priscilla.santos@fealq.com.br";"";"GESTÃO DE PROJETOS DE PESQUISA";"Sim";
"raabe.zocca";"da Silva Zocca";"Abertura de Chamado - Root entity";"raabe.zocca@fealq.com.br";"";"COMUNICAÇÃO";"Sim";
"rafaela.rosada";"Rosada";"Abertura de Chamado - Root entity";"";"";"";"Não";
"raiane.jesus";"Silva de Jesus";"Abertura de Chamado - Root entity";"raiane.jesus@fealq.com.br";"";"GESTÃO DE PROJETOS DE EXTENSÃO";"Sim";
"renan.galhardo";"Galhardo";"Self-Service - Root entity";"";"";"";"Não";
"rodrigo.silva";"Silva";"Abertura de Chamado - Root entity";"";"";"";"Não";
"rodrigo.teixeira";"Teixeira";"Super-Admin - Root entity";"rodrigo.teixeira@fealq.com.br";"";"TECNOLOGIA DA INFORMAÇÃO";"Sim";
"rogerio.oliveira";"Oliveira";"Abertura de Chamado - Root entity";"";"";"";"Não";
"rosangela.camargo";"Camargo";"Abertura de Chamado - Root entity";"";"";"";"Não";
"rosangela.carvalho";"Carvalho";"Abertura de Chamado - Root entity";"rosangela.carvalho@fealq.com.br";"";"GESTÃO DE PROJETOS DE EXTENSÃO";"Sim";
"ruy.caldas";"Araujo Caldas";"Self-Service - Root entity";"";"";"";"Não";
"sabrina.vieira";"Amâncio da Silva Vieira";"Abertura de Chamado - Root entity";"sabrina.vieira@fealq.com.br";"";"GESTÃO DE PROJETOS DE PESQUISA";"Sim";
"sala.reuniao";"Reunião";"Self-Service - Root entity";"";"";"";"Não";
"sandro.tormen";"Tormem";"Self-Service - Root entity";"";"";"";"Não";
"sara.dias";"Dias";"Abertura de Chamado - Root entity";"";"";"";"Não";
"sara.gomes";"Gomes";"Abertura de Chamado - Root entity";"";"";"";"Não";
"sara.leite";"Leite de Almeida";"Abertura de Chamado - Root entity";"sara.leite@fealq.com.br";"";"CONTAS À RECEBER";"Sim";
"sara.oliveira";"Lourenço de Oliveira";"Abertura de Chamado - Root entity";"sara.oliveira@fealq.com.br";"";"CONTABILIDADE";"Sim";
"sergio.dezen";"Dezen";"Self-Service - Root entity";"";"";"";"Não";
"stefane.oliveira";"Oliveira";"Abertura de Chamado - Root entity";"";"";"";"Não";
"talita.bueno";"";"Self-Service - Root entity";"";"";"";"Não";
"tatiana.karine";"Karine";"Abertura de Chamado - Root entity";"";"";"";"Não";
"tatiana.svazate";"Svazate";"Abertura de Chamado - Root entity";"tatiana.cursino@fealq.com.br";"";"GESTÃO DE PROJETOS DE PESQUISA";"Sim";
"tatiane.santos";"de Almeida de Oliveira Santos";"Abertura de Chamado - Root entity";"tatiane.santos@fealq.com.br";"";"";"Sim";
"thaina.silva";"Bispo Da Silva";"Abertura de Chamado - Root entity";"";"";"";"Não";
"thalita.gomes";"de Cássia Silva Gomes";"Abertura de Chamado - Root entity";"thalita.gomes@fealq.com.br";"";"CONTAS A PAGAR";"Sim";
"thassia.oliveira";"Cardoso de Oliveira";"Abertura de Chamado - Root entity";"thassia.oliveira@fealq.com.br";"";"GESTÃO DE PROJETOS DE EXTENSÃO";"Sim";
"TI FEALQ";"";"Abertura de Chamado - Root entity";"";"";"";"Não";
"tiago.clareto";"Clareto";"Admin - Root entity";"";"";"";"Não";
"vinicius.freitas";"de Freitas";"Abertura de Chamado - Root entity";"vinicius.fernando@fealq.com.br";"";"CONTAS À RECEBER";"Sim";
"vitoria.santos";"Santos";"Abertura de Chamado - Root entity";"";"";"";"Não";
"william.wu";"Wu";"Self-Service - Root entity";"";"";"";"Não";
