"Nome";"Status";"Fabricante";"Localização";"Tipo";"Modelo";"Última atualização";"Número de inventário";"Usuário";"ID";
"MONITOR 1";"OPERANTE";"LENOVO";"CONTAS À RECEBER";"MONITOR";"E2003bA";"15-04-2025 14:33";"5800";"Bruna Cristina de Mello Trevizan";"1";
"MONITOR 10";"OPERANTE";"LENOVO";"CONTAS A PAGAR";"MONITOR";"E2003bA";"16-04-2025 09:58";"5809";"Ana Paula Gomes Gonçalves";"10";
"MONITOR 11";"OPERANTE";"LENOVO";"GENTE E GESTÃO";"MONITOR";"E2003bA";"16-04-2025 09:58";"5810";"Danielle Poppi Nasato";"11";
"MONITOR 12";"OPERANTE";"LENOVO";"GENTE E GESTÃO";"MONITOR";"E2003bA";"16-04-2025 09:58";"5811";"Aline Santos Pedrassi";"12";
"MONITOR 13";"OPERANTE";"LENOVO";"TECNOLOGIA DA INFORMAÇÃO";"MONITOR";"E2003bA";"16-04-2025 09:58";"5812";"Marcelo Antonio Calefe";"13";
"MONITOR 14";"OPERANTE";"LENOVO";"TECNOLOGIA DA INFORMAÇÃO";"MONITOR";"E2003bA";"16-04-2025 09:58";"5813";"Lucas Correr Tabai";"14";
"MONITOR 15";"OPERANTE";"LENOVO";"GESTÃO DE PROJETOS DE PESQUISA";"MONITOR";"E2003bA";"16-04-2025 09:59";"5814";"Priscilla Fernanda Poppi";"15";
"MONITOR 16";"OPERANTE";"LENOVO";"CONTABILIDADE";"MONITOR";"E2003bA";"16-04-2025 09:59";"5815";"Damires Roberta de Macedo Rodrigues";"16";
"MONITOR 17";"OPERANTE";"LENOVO";"GESTÃO DE PROJETOS DE PESQUISA";"MONITOR";"E2003bA";"16-04-2025 09:59";"5816";"Gabriel de Souza Felício";"17";
"MONITOR 18";"INOPERANTE";"LENOVO";"TECNOLOGIA DA INFORMAÇÃO";"MONITOR";"E2003bA";"16-04-2025 09:59";"5817";"glpi";"18";
"MONITOR 19";"OPERANTE";"LENOVO";"GESTÃO DE PROJETOS DE PESQUISA";"MONITOR";"E2003bA";"16-04-2025 10:00";"5818";"Ana Paula Bellotto Oriani";"19";
"MONITOR 2";"OPERANTE";"LENOVO";"CONTAS À RECEBER";"MONITOR";"E2003bA";"15-04-2025 13:58";"5801";"Sara Leite de Almeida";"2";
"MONITOR 20";"OPERANTE";"LENOVO";"CONTAS A PAGAR";"MONITOR";"E2003bA";"16-04-2025 10:00";"5819";"Larissa Gabrielle da Silva Lima";"20";
"MONITOR 21";"OPERANTE";"ACER";"RECEPÇÃO";"MONITOR";"LED FHD";"16-04-2025 10:00";"5585";"Jessica Soares dos Santos";"21";
"MONITOR 22";"OPERANTE";"LENOVO";"";"MONITOR";"61A8-GAR1-WW";"19-02-2026 13:55";"5829";"Fellipe Sermarini";"22";
"MONITOR 23";"OPERANTE";"LG";"GENTE E GESTÃO";"MONITOR";"LG LED";"16-04-2025 10:00";"5191";"Juliana de Arruda Marchiolli";"23";
"MONITOR 24";"OPERANTE";"LENOVO";"GESTÃO DE PROJETOS DE PESQUISA";"MONITOR";"E2002B";"16-04-2025 10:00";"5916";"Paula Arigoni";"24";
"MONITOR 25";"OPERANTE";"LENOVO";"COMPRAS";"MONITOR";"E2002B";"29-04-2026 14:06";"5917";"Ana Carolina Lilo de Sousa";"25";
"MONITOR 26";"OPERANTE";"LENOVO";"GESTÃO DE PROJETOS DE PESQUISA";"MONITOR";"E2002B";"16-04-2025 10:00";"5918";"Sabrina Aparecida Amâncio da Silva Vieira";"26";
"MONITOR 27";"OPERANTE";"LENOVO";"GESTÃO DE PROJETOS DE PESQUISA";"MONITOR";"E2002B";"16-04-2025 10:00";"5919";"Ana Beatriz Lopes da Cruz";"27";
"MONITOR 28";"OPERANTE";"LENOVO";"CONTABILIDADE";"MONITOR";"E2002B";"16-04-2025 10:00";"5920";"Pamela Caroline Ferreira de Oliveira";"28";
"MONITOR 29";"OPERANTE";"LENOVO";"CONTABILIDADE";"MONITOR";"E2002B";"24-02-2026 14:05";"5951";"Lucas Toledo Honorato";"29";
"MONITOR 3";"OPERANTE";"LENOVO";"CONTABILIDADE";"MONITOR";"E2003bA";"15-04-2025 14:00";"5802";"Camila Soares da Silva";"3";
"MONITOR 30";"OPERANTE";"LENOVO";"COMPRAS";"MONITOR";"E2003bA";"16-04-2025 09:16";"5959";"Luana Grazieli da Silva";"30";
"MONITOR 31";"OPERANTE";"LENOVO";"GESTÃO DE PROJETOS DE PESQUISA";"MONITOR";"E2003bA";"16-04-2025 09:22";"5960";"Ana Flávia de Faria Guimarães";"31";
"MONITOR 32";"OPERANTE";"LENOVO";"GESTÃO DE PROJETOS DE EXTENSÃO";"MONITOR";"E2003bA";"16-04-2025 09:36";"5961";"Thássia Larissa Cardoso de Oliveira";"32";
"MONITOR 33";"OPERANTE";"LENOVO";"TECNOLOGIA DA INFORMAÇÃO";"MONITOR";"E2003bA";"16-04-2025 09:38";"5962";"Josemar Mariano de Oliveira";"33";
"MONITOR 34";"OPERANTE";"LENOVO";"CONTAS À RECEBER";"MONITOR";"E2003bA";"16-04-2025 09:53";"5964";"Fabíola Roberta Martins";"34";
"MONITOR 35";"OPERANTE";"LENOVO";"GESTÃO DE PROJETOS DE EXTENSÃO";"MONITOR";"E2003bA";"16-04-2025 09:57";"6001";"Fabiana Cerri de Carvalho";"35";
"MONITOR 36";"OPERANTE";"LENOVO";"CONTAS A PAGAR";"MONITOR";"E2003bA";"16-04-2025 10:18";"6002";"Vinicius Fernando de Freitas";"36";
"MONITOR 37";"OPERANTE";"LENOVO";"GESTÃO DE PROJETOS DE PESQUISA";"MONITOR";"E2003bA";"29-04-2026 14:02";"6011";"Tatiane de Almeida de Oliveira Santos";"37";
"MONITOR 38";"OPERANTE";"LENOVO";"COMPRAS";"MONITOR";"E2003bA";"16-04-2025 12:00";"6013";"Lucielly Dimig da Silva Lazari";"38";
"MONITOR 39";"OPERANTE";"LENOVO";"RECEPÇÃO";"MONITOR";"E2003bA";"16-04-2025 12:03";"6014";"Paloma Regina' de Souza";"39";
"MONITOR 4";"OPERANTE";"LENOVO";"RECEPÇÃO";"MONITOR";"E2003bA";"15-04-2025 14:01";"5803";"Jessica Soares dos Santos";"4";
"MONITOR 40";"OPERANTE";"LENOVO";"COMPRAS";"MONITOR";"E2003bA";"16-04-2025 12:05";"6015";"Cinthia Cristina de Campos Zen";"40";
"MONITOR 41";"INOPERANTE";"LENOVO";"GESTÃO DE PROJETOS DE PESQUISA";"MONITOR";"E2003bA";"16-04-2025 12:08";"6016";"glpi";"41";
"MONITOR 42";"OPERANTE";"LENOVO";"GESTÃO DE PROJETOS DE EXTENSÃO";"MONITOR";"E2003bA";"16-04-2025 12:10";"6017";"Deborah Fernandes";"42";
"MONITOR 43";"OPERANTE";"LENOVO";"GESTÃO DE PROJETOS DE PESQUISA";"MONITOR";"E2003bA";"16-04-2025 12:11";"6018";"Nicole Braidotte Rizigo";"43";
"MONITOR 44";"OPERANTE";"LENOVO";"GESTÃO DE PROJETOS DE EXTENSÃO";"MONITOR";"E2003bA";"16-04-2025 12:16";"6019";"Daniela Fernanda Saia";"44";
"MONITOR 45";"OPERANTE";"LENOVO";"CONTAS A PAGAR";"MONITOR";"E2003bA";"16-04-2025 12:17";"6020";"Natalia Livia Sarto";"45";
"MONITOR 46";"OPERANTE";"LENOVO";"GESTÃO DE PROJETOS DE EXTENSÃO";"MONITOR";"E2003bA";"16-04-2025 14:12";"6021";"Humberto Luis Marques";"46";
"MONITOR 47";"OPERANTE";"LENOVO";"COMPRAS";"MONITOR";"E2003bA";"16-04-2025 14:16";"6022";"Thalita de Cássia Silva Gomes";"47";
"MONITOR 48";"OPERANTE";"LENOVO";"CONTAS À RECEBER";"MONITOR";"E2003bA";"16-04-2025 14:38";"6023";"Laura Ingrid Gonçalves de Moraes";"48";
"MONITOR 49";"OPERANTE";"LENOVO";"GESTÃO DE PROJETOS DE EXTENSÃO";"MONITOR";"E2003bA";"16-04-2025 14:39";"6024";"Nathaly Silva";"49";
"MONITOR 5";"OPERANTE";"LENOVO";"GESTÃO DE PROJETOS DE EXTENSÃO";"MONITOR";"E2003bA";"15-04-2025 14:05";"5804";"Bianca Ballistiero Anastacio";"5";
"MONITOR 50";"OPERANTE";"LENOVO";"TECNOLOGIA DA INFORMAÇÃO";"MONITOR";"E2003bA";"16-04-2025 14:41";"6025";"Rodrigo Teixeira";"50";
"MONITOR 51";"OPERANTE";"LENOVO";"GESTÃO DE PROJETOS DE EXTENSÃO";"MONITOR";"E2003bA";"16-04-2025 14:47";"6026";"Rosangela Aparecida Carvalho";"51";
"MONITOR 52";"OPERANTE";"LENOVO";"COMUNICAÇÃO";"MONITOR";"E2003bA";"16-04-2025 14:58";"6028";"Alessandra Cardoso de Paiva Teixeira";"52";
"MONITOR 53";"OPERANTE";"LENOVO";"CONTAS A PAGAR";"MONITOR";"E2003bA";"16-04-2025 15:06";"6038";"Kauane Vitoria da Silva Sousa";"53";
"MONITOR 54";"OPERANTE";"LENOVO";"CONTAS A PAGAR";"MONITOR";"E2003bA";"16-04-2025 15:08";"6040";"Aline Degiacomo de Lima";"54";
"MONITOR 55";"OPERANTE";"LENOVO";"GESTÃO DE PROJETOS DE PESQUISA";"MONITOR";"E2003bA";"16-04-2025 15:15";"6041";"Tatiana Svazate";"55";
"MONITOR 6";"OPERANTE";"LENOVO";"";"MONITOR";"E2003bA";"19-02-2026 13:55";"5805";"Almir de Araújo Silva";"6";
"MONITOR 7";"OPERANTE";"LENOVO";"GESTÃO DE PROJETOS DE EXTENSÃO";"MONITOR";"E2003bA";"15-04-2025 14:29";"5806";"Flavia de Moura Elias";"7";
"MONITOR 8";"OPERANTE";"LENOVO";"COMPRAS";"MONITOR";"E2003bA";"24-02-2026 09:55";"5807";"Danielle da Cruz Paião";"8";
"MONITOR 9";"OPERANTE";"LENOVO";"CONTABILIDADE";"MONITOR";"E2003bA";"15-04-2025 14:34";"5808";"Fernanda Forti";"9";
