"Nome completo";
"APOIO À DIRETORIA E CONSELHOS";
"COMPRAS";
"COMUNICAÇÃO";
"CONTABILIDADE";
"CONTAS A PAGAR";
"CONTAS À RECEBER";
"CONTROLADORIA";
"DIRETORIA";
"ESTÚDIO";
"GENTE E GESTÃO";
"GERENCIA ADMINISTRATIVO FINANCEIRO";
"GERENTE DE RELACIONAMENTO E PROJETOS";
"GERENTE FINANCEIRO";
"GESTÃO DE PROJETOS DE EXTENSÃO";
"GESTÃO DE PROJETOS DE PESQUISA";
"GESTÃO DE PROJETOS DE PESQUISA - PIRASSUNUNGA";
"JURÍDICO";
"PROCESSOS";
"PROGRAMA DE APOIOS";
"RECEPÇÃO";
"REVISTA DE AGRICULTURA";
"SALAS DE REUNIÕES";
"TECNOLOGIA DA INFORMAÇÃO";
